{"Age": {"std": 14.489021423908726, "mean": 28.82793046746535, "minimum": 0.0, "maximum": 79.0, "25th_percentile": 19.0, "50th_percentile": 27.0, "75th_percentile": 38.0}, "RoomService": {"std": 666.7176629280303, "mean": 224.687617481203, "minimum": 0.0, "maximum": 14327.0, "25th_percentile": 0.0, "50th_percentile": 0.0, "75th_percentile": 47.0}, "FoodCourt": {"std": 1611.4892403551144, "mean": 458.07720329024676, "minimum": 0.0, "maximum": 29813.0, "25th_percentile": 0.0, "50th_percentile": 0.0, "75th_percentile": 76.0}, "ShoppingMall": {"std": 604.6964584708251, "mean": 173.72916912197996, "minimum": 0.0, "maximum": 23492.0, "25th_percentile": 0.0, "50th_percentile": 0.0, "75th_percentile": 27.0}, "Spa": {"std": 1136.705534834416, "mean": 311.1387779083431, "minimum": 0.0, "maximum": 22408.0, "25th_percentile": 0.0, "50th_percentile": 0.0, "75th_percentile": 59.0}, "VRDeck": {"std": 1145.7171888057144, "mean": 304.8547912992357, "minimum": 0.0, "maximum": 24133.0, "25th_percentile": 0.0, "50th_percentile": 0.0, "75th_percentile": 46.0}}